../../../data/olympus/pic.0001.jpg,0.0023,0.0001,0.0000,0.0002,0.0000,0.0001,0.0005,0.0001,0.0002,0.0012,0.0000,0.0000,0.0001,0.0017,0.1045,0.0002,0.0001,0.0003,0.0035,0.2509,0.2781,0.0001,0.0001,0.0004,0.0047,0.0718,0.0062,0.0002,0.0014,0.0001,0.0005,0.0047,0.0110,0.0008,0.0001,0.0000,0.0002,0.0002,0.0007,0.0024,0.0015,0.0002,0.0000,0.0000,0.0000,0.0000,0.0002,0.0008,0.0009,0.0004,0.0001,0.0000,0.0000,0.0000,0.0000,0.0002,0.0004,0.0007,0.0006,0.0001,0.0000,0.0000,0.0000,0.0000,0.0000,0.0000,0.0012,0.0006,0.0003,0.0001,0.0000,0.0000,0.0000,0.0000,0.0000,0.0000,0.0000,0.0000,0.0020,0.0005,0.0001,0.0000,0.0000,0.0000,0.0000,0.0000,0.0000,0.0000,0.0000,0.0000,0.0000,0.0016,0.0001,0.0000,0.0000,0.0000,0.0000,0.0000,0.0000,0.0000,0.0000,0.0000,0.0000,0.0000,0.0000,0.0004,0.0000,0.0000,0.0000,0.0000,0.0000,0.0000,0.0000,0.0000,0.0000,0.0000,0.0000,0.0000,0.0000,0.0000
../../../data/olympus/pic.0002.jpg,0.0011,0.0001,0.0001,0.0001,0.0001,0.0002,0.0001,0.0001,0.0002,0.0023,0.0000,0.0000,0.0001,0.0013,0.0768,0.0001,0.0001,0.0002,0.0027,0.1131,0.3546,0.0001,0.0001,0.0002,0.0032,0.0921,0.0126,0.0002,0.0003,0.0001,0.0003,0.0054,0.0365,0.0007,0.0001,0.0000,0.0001,0.0001,0.0007,0.0030,0.0013,0.0002,0.0000,0.0000,0.0000,0.0000,0.0005,0.0010,0.0015,0.0002,0.0000,0.0000,0.0000,0.0000,0.0000,0.0003,0.0060,0.0010,0.0015,0.0000,0.0000,0.0000,0.0000,0.0000,0.0000,0.0000,0.0025,0.0228,0.0002,0.0001,0.0000,0.0000,0.0000,0.0000,0.0000,0.0000,0.0000,0.0000,0.0032,0.0014,0.0001,0.0000,0.0000,0.0000,0.0000,0.0000,0.0000,0.0000,0.0000,0.0000,0.0000,0.0008,0.0000,0.0000,0.0000,0.0000,0.0000,0.0000,0.0000,0.0000,0.0000,0.0000,0.0000,0.0000,0.0000,0.0004,0.0000,0.0000,0.0000,0.0000,0.0000,0.0000,0.0000,0.0000,0.0000,0.0000,0.0000,0.0000,0.0000,0.0000
../../../data/olympus/pic.0003.jpg,0.0013,0.0000,0.0000,0.0002,0.0001,0.0008,0.0001,0.0003,0.0020,0.0108,0.0000,0.0001,0.0003,0.0052,0.1369,0.0001,0.0001,0.0004,0.0075,0.1588,0.1202,0.0001,0.0002,0.0008,0.0090,0.1046,0.0060,0.0003,0.0006,0.0001,0.0008,0.0238,0.0424,0.0011,0.0001,0.0000,0.0001,0.0004,0.0014,0.0061,0.0039,0.0003,0.0000,0.0000,0.0000,0.0001,0.0009,0.0022,0.0009,0.0003,0.0000,0.0000,0.0000,0.0000,0.0000,0.0004,0.0068,0.0014,0.0003,0.0001,0.0000,0.0000,0.0000,0.0000,0.0000,0.0000,0.0012,0.0059,0.0002,0.0001,0.0000,0.0000,0.0000,0.0000,0.0000,0.0000,0.0000,0.0000,0.0014,0.0005,0.0001,0.0000,0.0000,0.0000,0.0000,0.0000,0.0000,0.0000,0.0000,0.0000,0.0000,0.0007,0.0000,0.0000,0.0000,0.0000,0.0000,0.0000,0.0000,0.0000,0.0000,0.0000,0.0000,0.0000,0.0000,0.0004,0.0000,0.0000,0.0000,0.0000,0.0000,0.0000,0.0000,0.0000,0.0000,0.0000,0.0000,0.0000,0.0000,0.0000
../../../data/olympus/pic.0004.jpg,0.0012,0.0000,0.0000,0.0001,0.0000,0.0000,0.0003,0.0000,0.0000,0.0002,0.0000,0.0000,0.0001,0.0008,0.0752,0.0002,0.0001,0.0002,0.0033,0.2455,0.3229,0.0001,0.0001,0.0005,0.0034,0.0758,0.0149,0.0003,0.0015,0.0001,0.0004,0.0068,0.0239,0.0014,0.0002,0.0000,0.0002,0.0002,0.0005,0.0073,0.0082,0.0005,0.0000,0.0000,0.0000,0.0001,0.0001,0.0009,0.0036,0.0014,0.0001,0.0000,0.0000,0.0000,0.0000,0.0004,0.0002,0.0009,0.0015,0.0004,0.0000,0.0000,0.0000,0.0000,0.0000,0.0000,0.0014,0.0003,0.0006,0.0005,0.0000,0.0000,0.0000,0.0000,0.0000,0.0000,0.0000,0.0000,0.0024,0.0005,0.0004,0.0000,0.0000,0.0000,0.0000,0.0000,0.0000,0.0000,0.0000,0.0000,0.0000,0.0023,0.0001,0.0000,0.0000,0.0000,0.0000,0.0000,0.0000,0.0000,0.0000,0.0000,0.0000,0.0000,0.0000,0.0007,0.0000,0.0000,0.0000,0.0000,0.0000,0.0000,0.0000,0.0000,0.0000,0.0000,0.0000,0.0000,0.0000,0.0000
../../../data/olympus/pic.0005.jpg,0.0026,0.0000,0.0000,0.0000,0.0000,0.0009,0.0001,0.0001,0.0002,0.0101,0.0000,0.0000,0.0001,0.0017,0.1696,0.0002,0.0003,0.0005,0.0175,0.0429,0.2232,0.0000,0.0002,0.0016,0.0062,0.0629,0.0966,0.0174,0.0010,0.0000,0.0007,0.0120,0.0525,0.0117,0.0047,0.0001,0.0000,0.0002,0.0010,0.0186,0.0125,0.0013,0.0000,0.0000,0.0000,0.0000,0.0000,0.0071,0.0147,0.0034,0.0001,0.0000,0.0000,0.0000,0.0000,0.0001,0.0004,0.0134,0.0033,0.0002,0.0000,0.0000,0.0000,0.0000,0.0000,0.0000,0.0000,0.0019,0.0024,0.0002,0.0000,0.0000,0.0000,0.0000,0.0000,0.0000,0.0000,0.0000,0.0001,0.0005,0.0002,0.0000,0.0000,0.0000,0.0000,0.0000,0.0000,0.0000,0.0000,0.0000,0.0000,0.0000,0.0000,0.0000,0.0000,0.0000,0.0000,0.0000,0.0000,0.0000,0.0000,0.0000,0.0000,0.0000,0.0000,0.0000,0.0000,0.0000,0.0000,0.0000,0.0000,0.0000,0.0000,0.0000,0.0000,0.0000,0.0000,0.0000,0.0000,0.0000
../../../data/olympus/pic.0006.jpg,0.0002,0.0000,0.0000,0.0000,0.0000,0.0001,0.0000,0.0000,0.0001,0.0037,0.0000,0.0000,0.0001,0.0008,0.1100,0.0000,0.0000,0.0000,0.0021,0.1237,0.3718,0.0000,0.0000,0.0001,0.0014,0.0551,0.0106,0.0001,0.0001,0.0000,0.0001,0.0034,0.0338,0.0009,0.0001,0.0000,0.0000,0.0000,0.0001,0.0029,0.0025,0.0003,0.0000,0.0000,0.0000,0.0000,0.0000,0.0000,0.0005,0.0001,0.0000,0.0000,0.0000,0.0000,0.0000,0.0000,0.0000,0.0001,0.0000,0.0000,0.0000,0.0000,0.0000,0.0000,0.0000,0.0000,0.0001,0.0000,0.0000,0.0000,0.0000,0.0000,0.0000,0.0000,0.0000,0.0000,0.0000,0.0000,0.0001,0.0000,0.0000,0.0000,0.0000,0.0000,0.0000,0.0000,0.0000,0.0000,0.0000,0.0000,0.0000,0.0001,0.0000,0.0000,0.0000,0.0000,0.0000,0.0000,0.0000,0.0000,0.0000,0.0000,0.0000,0.0000,0.0000,0.0000,0.0000,0.0000,0.0000,0.0000,0.0000,0.0000,0.0000,0.0000,0.0000,0.0000,0.0000,0.0000,0.0000,0.0000
../../../data/olympus/pic.0007.jpg,0.0019,0.0000,0.0000,0.0001,0.0000,0.0001,0.0002,0.0000,0.0001,0.0004,0.0000,0.0000,0.0001,0.0009,0.1738,0.0001,0.0001,0.0001,0.0022,0.1203,0.3319,0.0001,0.0001,0.0003,0.0019,0.0364,0.0143,0.0004,0.0024,0.0001,0.0003,0.0022,0.0097,0.0044,0.0003,0.0000,0.0001,0.0002,0.0003,0.0013,0.0019,0.0005,0.0001,0.0000,0.0000,0.0000,0.0000,0.0004,0.0007,0.0006,0.0001,0.0000,0.0000,0.0000,0.0000,0.0003,0.0001,0.0004,0.0005,0.0001,0.0000,0.0000,0.0000,0.0000,0.0000,0.0000,0.0013,0.0002,0.0002,0.0001,0.0000,0.0000,0.0000,0.0000,0.0000,0.0000,0.0000,0.0000,0.0018,0.0002,0.0000,0.0000,0.0000,0.0000,0.0000,0.0000,0.0000,0.0000,0.0000,0.0000,0.0000,0.0011,0.0000,0.0000,0.0000,0.0000,0.0000,0.0000,0.0000,0.0000,0.0000,0.0000,0.0000,0.0000,0.0000,0.0002,0.0000,0.0000,0.0000,0.0000,0.0000,0.0000,0.0000,0.0000,0.0000,0.0000,0.0000,0.0000,0.0000,0.0000
../../../data/olympus/pic.0008.jpg,0.0022,0.0001,0.0000,0.0002,0.0000,0.0001,0.0004,0.0000,0.0001,0.0005,0.0000,0.0000,0.0001,0.0009,0.1179,0.0002,0.0002,0.0003,0.0047,0.1261,0.2923,0.0000,0.0002,0.0005,0.0027,0.0457,0.0133,0.0005,0.0032,0.0000,0.0003,0.0033,0.0133,0.0053,0.0003,0.0001,0.0001,0.0002,0.0004,0.0018,0.0031,0.0006,0.0001,0.0000,0.0000,0.0001,0.0000,0.0006,0.0009,0.0008,0.0001,0.0000,0.0000,0.0000,0.0000,0.0002,0.0001,0.0008,0.0006,0.0001,0.0000,0.0000,0.0000,0.0000,0.0000,0.0000,0.0016,0.0002,0.0003,0.0001,0.0000,0.0000,0.0000,0.0000,0.0000,0.0000,0.0000,0.0000,0.0020,0.0003,0.0001,0.0000,0.0000,0.0000,0.0000,0.0000,0.0000,0.0000,0.0000,0.0000,0.0000,0.0014,0.0000,0.0000,0.0000,0.0000,0.0000,0.0000,0.0000,0.0000,0.0000,0.0000,0.0000,0.0000,0.0000,0.0003,0.0000,0.0000,0.0000,0.0000,0.0000,0.0000,0.0000,0.0000,0.0000,0.0000,0.0000,0.0000,0.0000,0.0000
../../../data/olympus/pic.0009.jpg,0.0000,0.0000,0.0000,0.0000,0.0000,0.0000,0.0000,0.0000,0.0000,0.0000,0.0000,0.0000,0.0000,0.0001,0.2300,0.0000,0.0000,0.0000,0.0009,0.2168,0.2457,0.0000,0.0000,0.0000,0.0018,0.0143,0.0000,0.0000,0.0000,0.0000,0.0000,0.0001,0.0000,0.0000,0.0000,0.0000,0.0000,0.0000,0.0000,0.0000,0.0000,0.0000,0.0000,0.0000,0.0000,0.0000,0.0000,0.0000,0.0000,0.0000,0.0000,0.0000,0.0000,0.0000,0.0000,0.0000,0.0000,0.0000,0.0000,0.0000,0.0000,0.0000,0.0000,0.0000,0.0000,0.0000,0.0000,0.0000,0.0000,0.0000,0.0000,0.0000,0.0000,0.0000,0.0000,0.0000,0.0000,0.0000,0.0001,0.0000,0.0000,0.0000,0.0000,0.0000,0.0000,0.0000,0.0000,0.0000,0.0000,0.0000,0.0000,0.0000,0.0000,0.0000,0.0000,0.0000,0.0000,0.0000,0.0000,0.0000,0.0000,0.0000,0.0000,0.0000,0.0000,0.0000,0.0000,0.0000,0.0000,0.0000,0.0000,0.0000,0.0000,0.0000,0.0000,0.0000,0.0000,0.0000,0.0000,0.0000
../../../data/olympus/pic.0010.jpg,0.0002,0.0000,0.0000,0.0001,0.0000,0.0000,0.0001,0.0000,0.0000,0.0001,0.0000,0.0000,0.0001,0.0006,0.0762,0.0001,0.0000,0.0001,0.0019,0.1131,0.5634,0.0001,0.0001,0.0002,0.0014,0.0175,0.0018,0.0000,0.0003,0.0001,0.0001,0.0004,0.0010,0.0002,0.0000,0.0000,0.0001,0.0001,0.0001,0.0002,0.0001,0.0000,0.0000,0.0000,0.0000,0.0000,0.0000,0.0000,0.0001,0.0001,0.0000,0.0000,0.0000,0.0000,0.0000,0.0001,0.0000,0.0001,0.0001,0.0000,0.0000,0.0000,0.0000,0.0000,0.0000,0.0000,0.0001,0.0000,0.0000,0.0000,0.0000,0.0000,0.0000,0.0000,0.0000,0.0000,0.0000,0.0000,0.0002,0.0000,0.0000,0.0000,0.0000,0.0000,0.0000,0.0000,0.0000,0.0000,0.0000,0.0000,0.0000,0.0001,0.0000,0.0000,0.0000,0.0000,0.0000,0.0000,0.0000,0.0000,0.0000,0.0000,0.0000,0.0000,0.0000,0.0000,0.0000,0.0000,0.0000,0.0000,0.0000,0.0000,0.0000,0.0000,0.0000,0.0000,0.0000,0.0000,0.0000,0.0000
../../../data/olympus/pic.0011.jpg,0.0012,0.0002,0.0000,0.0002,0.0001,0.0002,0.0002,0.0001,0.0003,0.0013,0.0001,0.0001,0.0003,0.0026,0.1656,0.0002,0.0001,0.0003,0.0030,0.2884,0.1999,0.0001,0.0001,0.0002,0.0027,0.0580,0.0103,0.0002,0.0002,0.0000,0.0003,0.0030,0.0288,0.0001,0.0000,0.0000,0.0001,0.0000,0.0002,0.0015,0.0075,0.0000,0.0000,0.0000,0.0000,0.0000,0.0000,0.0003,0.0008,0.0001,0.0000,0.0000,0.0000,0.0000,0.0000,0.0001,0.0001,0.0003,0.0003,0.0000,0.0000,0.0000,0.0000,0.0000,0.0000,0.0000,0.0001,0.0001,0.0001,0.0000,0.0000,0.0000,0.0000,0.0000,0.0000,0.0000,0.0000,0.0000,0.0002,0.0001,0.0000,0.0000,0.0000,0.0000,0.0000,0.0000,0.0000,0.0000,0.0000,0.0000,0.0000,0.0003,0.0000,0.0000,0.0000,0.0000,0.0000,0.0000,0.0000,0.0000,0.0000,0.0000,0.0000,0.0000,0.0000,0.0001,0.0000,0.0000,0.0000,0.0000,0.0000,0.0000,0.0000,0.0000,0.0000,0.0000,0.0000,0.0000,0.0000,0.0000
../../../data/olympus/pic.0012.jpg,0.0005,0.0000,0.0000,0.0001,0.0000,0.0001,0.0001,0.0000,0.0002,0.0024,0.0000,0.0000,0.0001,0.0015,0.0786,0.0000,0.0000,0.0001,0.0034,0.1870,0.1862,0.0000,0.0000,0.0002,0.0023,0.0520,0.0168,0.0018,0.0001,0.0000,0.0005,0.0027,0.0079,0.0005,0.0002,0.0000,0.0000,0.0000,0.0014,0.0007,0.0003,0.0001,0.0000,0.0000,0.0000,0.0000,0.0006,0.0030,0.0001,0.0000,0.0000,0.0000,0.0000,0.0000,0.0000,0.0000,0.0215,0.0018,0.0000,0.0000,0.0000,0.0000,0.0000,0.0000,0.0000,0.0000,0.0002,0.0014,0.0000,0.0000,0.0000,0.0000,0.0000,0.0000,0.0000,0.0000,0.0000,0.0000,0.0001,0.0000,0.0000,0.0000,0.0000,0.0000,0.0000,0.0000,0.0000,0.0000,0.0000,0.0000,0.0000,0.0001,0.0000,0.0000,0.0000,0.0000,0.0000,0.0000,0.0000,0.0000,0.0000,0.0000,0.0000,0.0000,0.0000,0.0002,0.0000,0.0000,0.0000,0.0000,0.0000,0.0000,0.0000,0.0000,0.0000,0.0000,0.0000,0.0000,0.0000,0.0000
../../../data/olympus/pic.0013.jpg,0.0000,0.0000,0.0000,0.0000,0.0000,0.0000,0.0000,0.0000,0.0000,0.0000,0.0000,0.0000,0.0000,0.0000,0.0001,0.0000,0.0000,0.0000,0.0000,0.0859,0.0365,0.0000,0.0000,0.0000,0.0007,0.2871,0.0062,0.0000,0.0001,0.0000,0.0000,0.0022,0.2537,0.0008,0.0001,0.0000,0.0000,0.0000,0.0001,0.0217,0.2134,0.0002,0.0000,0.0000,0.0000,0.0000,0.0000,0.0005,0.0552,0.0172,0.0001,0.0000,0.0000,0.0000,0.0000,0.0000,0.0000,0.0020,0.0068,0.0004,0.0000,0.0000,0.0000,0.0000,0.0000,0.0000,0.0001,0.0003,0.0018,0.0009,0.0000,0.0000,0.0000,0.0000,0.0000,0.0000,0.0000,0.0000,0.0002,0.0009,0.0009,0.0000,0.0000,0.0000,0.0000,0.0000,0.0000,0.0000,0.0000,0.0000,0.0000,0.0012,0.0005,0.0000,0.0000,0.0000,0.0000,0.0000,0.0000,0.0000,0.0000,0.0000,0.0000,0.0000,0.0000,0.0016,0.0000,0.0000,0.0000,0.0000,0.0000,0.0000,0.0000,0.0000,0.0000,0.0000,0.0000,0.0000,0.0000,0.0000
../../../data/olympus/pic.0014.jpg,0.0001,0.0000,0.0000,0.0000,0.0000,0.0000,0.0000,0.0000,0.0000,0.0000,0.0000,0.0000,0.0000,0.0000,0.0049,0.0000,0.0000,0.0000,0.0000,0.0458,0.0479,0.0000,0.0000,0.0000,0.0002,0.1487,0.0422,0.0001,0.0002,0.0000,0.0001,0.0027,0.3106,0.0017,0.0001,0.0000,0.0000,0.0000,0.0001,0.0241,0.1871,0.0004,0.0001,0.0000,0.0000,0.0000,0.0000,0.0004,0.0610,0.0193,0.0002,0.0000,0.0000,0.0000,0.0000,0.0002,0.0001,0.0012,0.0411,0.0009,0.0000,0.0000,0.0000,0.0000,0.0000,0.0000,0.0004,0.0002,0.0023,0.0054,0.0000,0.0000,0.0000,0.0000,0.0000,0.0000,0.0000,0.0000,0.0012,0.0007,0.0016,0.0000,0.0000,0.0000,0.0000,0.0000,0.0000,0.0000,0.0000,0.0000,0.0000,0.0042,0.0003,0.0000,0.0000,0.0000,0.0000,0.0000,0.0000,0.0000,0.0000,0.0000,0.0000,0.0000,0.0000,0.0038,0.0000,0.0000,0.0000,0.0000,0.0000,0.0000,0.0000,0.0000,0.0000,0.0000,0.0000,0.0000,0.0000,0.0000
../../../data/olympus/pic.0015.jpg,0.0000,0.0000,0.0000,0.0000,0.0000,0.0000,0.0000,0.0000,0.0000,0.0000,0.0000,0.0000,0.0000,0.0000,0.0000,0.0000,0.0000,0.0000,0.0000,0.0393,0.0035,0.0000,0.0000,0.0000,0.0000,0.6815,0.0033,0.0000,0.0000,0.0000,0.0000,0.0001,0.0713,0.0001,0.0000,0.0000,0.0000,0.0000,0.0000,0.0469,0.0915,0.0000,0.0000,0.0000,0.0000,0.0000,0.0000,0.0000,0.0456,0.0011,0.0000,0.0000,0.0000,0.0000,0.0000,0.0000,0.0000,0.0003,0.0134,0.0000,0.0000,0.0000,0.0000,0.0000,0.0000,0.0000,0.0000,0.0000,0.0002,0.0001,0.0000,0.0000,0.0000,0.0000,0.0000,0.0000,0.0000,0.0000,0.0000,0.0000,0.0000,0.0000,0.0000,0.0000,0.0000,0.0000,0.0000,0.0000,0.0000,0.0000,0.0000,0.0000,0.0000,0.0000,0.0000,0.0000,0.0000,0.0000,0.0000,0.0000,0.0000,0.0000,0.0000,0.0000,0.0000,0.0000,0.0000,0.0000,0.0000,0.0000,0.0000,0.0000,0.0000,0.0000,0.0000,0.0000,0.0000,0.0000,0.0000,0.0000
../../../data/olympus/pic.0016.jpg,0.0001,0.0000,0.0000,0.0000,0.0000,0.0000,0.0000,0.0000,0.0000,0.0000,0.0000,0.0000,0.0000,0.0001,0.0116,0.0000,0.0000,0.0000,0.0001,0.0423,0.1158,0.0000,0.0000,0.0000,0.0004,0.0583,0.0939,0.0001,0.0001,0.0000,0.0000,0.0019,0.2393,0.0082,0.0000,0.0000,0.0000,0.0000,0.0001,0.0090,0.2268,0.0004,0.0000,0.0000,0.0000,0.0000,0.0000,0.0004,0.0346,0.0377,0.0001,0.0000,0.0000,0.0000,0.0000,0.0000,0.0001,0.0015,0.0433,0.0010,0.0000,0.0000,0.0000,0.0000,0.0000,0.0000,0.0002,0.0001,0.0028,0.0089,0.0000,0.0000,0.0000,0.0000,0.0000,0.0000,0.0000,0.0000,0.0004,0.0004,0.0014,0.0000,0.0000,0.0000,0.0000,0.0000,0.0000,0.0000,0.0000,0.0000,0.0000,0.0014,0.0004,0.0000,0.0000,0.0000,0.0000,0.0000,0.0000,0.0000,0.0000,0.0000,0.0000,0.0000,0.0000,0.0022,0.0000,0.0000,0.0000,0.0000,0.0000,0.0000,0.0000,0.0000,0.0000,0.0000,0.0000,0.0000,0.0000,0.0000
../../../data/olympus/pic.0017.jpg,0.0000,0.0000,0.0000,0.0000,0.0000,0.0000,0.0000,0.0000,0.0000,0.0000,0.0000,0.0000,0.0000,0.0000,0.0030,0.0000,0.0000,0.0000,0.0001,0.0436,0.0490,0.0000,0.0000,0.0000,0.0004,0.1080,0.0433,0.0001,0.0001,0.0000,0.0001,0.0025,0.2962,0.0025,0.0001,0.0000,0.0000,0.0000,0.0004,0.0219,0.1740,0.0011,0.0001,0.0000,0.0000,0.0000,0.0001,0.0009,0.0825,0.0268,0.0003,0.0000,0.0000,0.0000,0.0000,0.0001,0.0002,0.0045,0.0608,0.0018,0.0000,0.0000,0.0000,0.0000,0.0000,0.0000,0.0001,0.0005,0.0059,0.0101,0.0000,0.0000,0.0000,0.0000,0.0000,0.0000,0.0000,0.0000,0.0008,0.0012,0.0015,0.0000,0.0000,0.0000,0.0000,0.0000,0.0000,0.0000,0.0000,0.0000,0.0000,0.0030,0.0004,0.0000,0.0000,0.0000,0.0000,0.0000,0.0000,0.0000,0.0000,0.0000,0.0000,0.0000,0.0000,0.0027,0.0000,0.0000,0.0000,0.0000,0.0000,0.0000,0.0000,0.0000,0.0000,0.0000,0.0000,0.0000,0.0000,0.0000
../../../data/olympus/pic.0018.jpg,0.0000,0.0000,0.0000,0.0000,0.0000,0.0000,0.0000,0.0000,0.0000,0.0000,0.0000,0.0000,0.0000,0.0001,0.0001,0.0000,0.0000,0.0001,0.0023,0.0589,0.0137,0.0000,0.0001,0.0003,0.0066,0.4602,0.0024,0.0000,0.0001,0.0001,0.0004,0.0042,0.1677,0.0002,0.0000,0.0000,0.0001,0.0001,0.0013,0.0203,0.1450,0.0001,0.0000,0.0000,0.0000,0.0000,0.0003,0.0055,0.0720,0.0064,0.0000,0.0000,0.0000,0.0000,0.0000,0.0001,0.0005,0.0056,0.0104,0.0001,0.0000,0.0000,0.0000,0.0000,0.0000,0.0000,0.0002,0.0012,0.0041,0.0007,0.0000,0.0000,0.0000,0.0000,0.0000,0.0000,0.0000,0.0000,0.0003,0.0021,0.0012,0.0000,0.0000,0.0000,0.0000,0.0000,0.0000,0.0000,0.0000,0.0000,0.0000,0.0015,0.0010,0.0000,0.0000,0.0000,0.0000,0.0000,0.0000,0.0000,0.0000,0.0000,0.0000,0.0000,0.0000,0.0017,0.0000,0.0000,0.0000,0.0000,0.0000,0.0000,0.0000,0.0000,0.0000,0.0000,0.0000,0.0000,0.0000,0.0000
../../../data/olympus/pic.0019.jpg,0.0002,0.0000,0.0000,0.0000,0.0000,0.0000,0.0000,0.0000,0.0000,0.0000,0.0000,0.0000,0.0000,0.0001,0.0055,0.0001,0.0000,0.0000,0.0001,0.0485,0.1192,0.0001,0.0000,0.0000,0.0004,0.2293,0.1472,0.0001,0.0003,0.0000,0.0001,0.0016,0.1549,0.0021,0.0001,0.0000,0.0001,0.0000,0.0001,0.0046,0.1131,0.0003,0.0000,0.0000,0.0000,0.0001,0.0000,0.0002,0.0370,0.0239,0.0001,0.0000,0.0000,0.0000,0.0000,0.0002,0.0001,0.0006,0.0328,0.0007,0.0000,0.0000,0.0000,0.0000,0.0000,0.0000,0.0004,0.0001,0.0012,0.0019,0.0000,0.0000,0.0000,0.0000,0.0000,0.0000,0.0000,0.0000,0.0009,0.0005,0.0011,0.0000,0.0000,0.0000,0.0000,0.0000,0.0000,0.0000,0.0000,0.0000,0.0000,0.0027,0.0003,0.0000,0.0000,0.0000,0.0000,0.0000,0.0000,0.0000,0.0000,0.0000,0.0000,0.0000,0.0000,0.0033,0.0000,0.0000,0.0000,0.0000,0.0000,0.0000,0.0000,0.0000,0.0000,0.0000,0.0000,0.0000,0.0000,0.0000
../../../data/olympus/pic.0020.jpg,0.0003,0.0000,0.0000,0.0000,0.0000,0.0000,0.0000,0.0000,0.0000,0.0001,0.0000,0.0000,0.0000,0.0000,0.0047,0.0001,0.0000,0.0001,0.0002,0.0238,0.1724,0.0000,0.0000,0.0001,0.0005,0.0372,0.1699,0.0002,0.0003,0.0000,0.0001,0.0036,0.1468,0.0095,0.0001,0.0000,0.0001,0.0001,0.0004,0.0141,0.1160,0.0006,0.0001,0.0000,0.0000,0.0000,0.0001,0.0010,0.0446,0.0431,0.0003,0.0000,0.0000,0.0000,0.0000,0.0001,0.0002,0.0033,0.0833,0.0019,0.0000,0.0000,0.0000,0.0000,0.0000,0.0000,0.0004,0.0010,0.0065,0.0252,0.0000,0.0000,0.0000,0.0000,0.0000,0.0000,0.0000,0.0000,0.0009,0.0017,0.0029,0.0000,0.0000,0.0000,0.0000,0.0000,0.0000,0.0000,0.0000,0.0000,0.0000,0.0036,0.0009,0.0000,0.0000,0.0000,0.0000,0.0000,0.0000,0.0000,0.0000,0.0000,0.0000,0.0000,0.0000,0.0058,0.0000,0.0000,0.0000,0.0000,0.0000,0.0000,0.0000,0.0000,0.0000,0.0000,0.0000,0.0000,0.0000,0.0000
../../../data/olympus/pic.0021.jpg,0.0000,0.0000,0.0000,0.0000,0.0000,0.0000,0.0000,0.0000,0.0000,0.0000,0.0000,0.0000,0.0000,0.0000,0.0000,0.0000,0.0000,0.0000,0.0000,0.0330,0.0069,0.0000,0.0000,0.0000,0.0000,0.4643,0.0030,0.0000,0.0000,0.0000,0.0000,0.0003,0.0954,0.0003,0.0000,0.0000,0.0000,0.0000,0.0000,0.0341,0.1229,0.0001,0.0000,0.0000,0.0000,0.0000,0.0000,0.0000,0.1802,0.0332,0.0000,0.0000,0.0000,0.0000,0.0000,0.0000,0.0000,0.0002,0.0220,0.0003,0.0000,0.0000,0.0000,0.0000,0.0000,0.0000,0.0000,0.0000,0.0006,0.0017,0.0000,0.0000,0.0000,0.0000,0.0000,0.0000,0.0000,0.0000,0.0000,0.0001,0.0004,0.0000,0.0000,0.0000,0.0000,0.0000,0.0000,0.0000,0.0000,0.0000,0.0000,0.0001,0.0001,0.0000,0.0000,0.0000,0.0000,0.0000,0.0000,0.0000,0.0000,0.0000,0.0000,0.0000,0.0000,0.0002,0.0000,0.0000,0.0000,0.0000,0.0000,0.0000,0.0000,0.0000,0.0000,0.0000,0.0000,0.0000,0.0000,0.0000
../../../data/olympus/pic.0022.jpg,0.0000,0.0000,0.0000,0.0000,0.0000,0.0000,0.0000,0.0000,0.0000,0.0000,0.0000,0.0000,0.0000,0.0000,0.0000,0.0000,0.0000,0.0000,0.0000,0.1792,0.0123,0.0000,0.0000,0.0000,0.0001,0.3469,0.0050,0.0000,0.0000,0.0000,0.0000,0.0026,0.0647,0.0005,0.0000,0.0000,0.0000,0.0000,0.0001,0.0242,0.0796,0.0002,0.0000,0.0000,0.0000,0.0000,0.0000,0.0045,0.0978,0.0383,0.0000,0.0000,0.0000,0.0000,0.0000,0.0000,0.0002,0.0293,0.0269,0.0002,0.0000,0.0000,0.0000,0.0000,0.0000,0.0000,0.0000,0.0082,0.0338,0.0023,0.0000,0.0000,0.0000,0.0000,0.0000,0.0000,0.0000,0.0000,0.0001,0.0221,0.0072,0.0000,0.0000,0.0000,0.0000,0.0000,0.0000,0.0000,0.0000,0.0000,0.0000,0.0017,0.0083,0.0000,0.0000,0.0000,0.0000,0.0000,0.0000,0.0000,0.0000,0.0000,0.0000,0.0000,0.0000,0.0034,0.0000,0.0000,0.0000,0.0000,0.0000,0.0000,0.0000,0.0000,0.0000,0.0000,0.0000,0.0000,0.0000,0.0000
../../../data/olympus/pic.0023.jpg,0.0000,0.0000,0.0000,0.0000,0.0000,0.0000,0.0000,0.0000,0.0000,0.0000,0.0000,0.0000,0.0000,0.0000,0.0001,0.0000,0.0000,0.0000,0.0000,0.0315,0.0362,0.0000,0.0000,0.0000,0.0007,0.7600,0.0167,0.0001,0.0001,0.0000,0.0001,0.0075,0.1153,0.0020,0.0000,0.0000,0.0000,0.0000,0.0002,0.0033,0.0134,0.0007,0.0000,0.0000,0.0000,0.0000,0.0000,0.0002,0.0009,0.0020,0.0001,0.0000,0.0000,0.0000,0.0000,0.0000,0.0000,0.0003,0.0010,0.0003,0.0000,0.0000,0.0000,0.0000,0.0000,0.0000,0.0002,0.0001,0.0005,0.0003,0.0000,0.0000,0.0000,0.0000,0.0000,0.0000,0.0000,0.0000,0.0007,0.0005,0.0002,0.0000,0.0000,0.0000,0.0000,0.0000,0.0000,0.0000,0.0000,0.0000,0.0000,0.0019,0.0001,0.0000,0.0000,0.0000,0.0000,0.0000,0.0000,0.0000,0.0000,0.0000,0.0000,0.0000,0.0000,0.0006,0.0000,0.0000,0.0000,0.0000,0.0000,0.0000,0.0000,0.0000,0.0000,0.0000,0.0000,0.0000,0.0000,0.0000
../../../data/olympus/pic.0024.jpg,0.0000,0.0000,0.0000,0.0000,0.0000,0.0000,0.0000,0.0000,0.0000,0.0000,0.0000,0.0000,0.0000,0.0000,0.0000,0.0000,0.0000,0.0000,0.0000,0.0824,0.0380,0.0000,0.0000,0.0000,0.0008,0.2683,0.0073,0.0001,0.0000,0.0000,0.0001,0.0021,0.2438,0.0011,0.0000,0.0000,0.0000,0.0000,0.0001,0.0202,0.2246,0.0002,0.0000,0.0000,0.0000,0.0000,0.0000,0.0004,0.0665,0.0229,0.0001,0.0000,0.0000,0.0000,0.0000,0.0000,0.0000,0.0020,0.0088,0.0004,0.0000,0.0000,0.0000,0.0000,0.0000,0.0000,0.0001,0.0003,0.0023,0.0012,0.0000,0.0000,0.0000,0.0000,0.0000,0.0000,0.0000,0.0000,0.0003,0.0009,0.0012,0.0000,0.0000,0.0000,0.0000,0.0000,0.0000,0.0000,0.0000,0.0000,0.0000,0.0012,0.0006,0.0000,0.0000,0.0000,0.0000,0.0000,0.0000,0.0000,0.0000,0.0000,0.0000,0.0000,0.0000,0.0016,0.0000,0.0000,0.0000,0.0000,0.0000,0.0000,0.0000,0.0000,0.0000,0.0000,0.0000,0.0000,0.0000,0.0000
../../../data/olympus/pic.0025.jpg,0.0000,0.0000,0.0000,0.0000,0.0000,0.0000,0.0000,0.0000,0.0000,0.0000,0.0000,0.0000,0.0000,0.0000,0.0030,0.0000,0.0000,0.0000,0.0000,0.0289,0.0736,0.0000,0.0000,0.0000,0.0002,0.2880,0.0675,0.0000,0.0000,0.0000,0.0000,0.0007,0.3163,0.0022,0.0001,0.0000,0.0000,0.0000,0.0000,0.0040,0.1602,0.0001,0.0000,0.0000,0.0000,0.0000,0.0000,0.0004,0.0201,0.0201,0.0001,0.0000,0.0000,0.0000,0.0000,0.0000,0.0000,0.0013,0.0043,0.0003,0.0000,0.0000,0.0000,0.0000,0.0000,0.0000,0.0000,0.0002,0.0012,0.0007,0.0000,0.0000,0.0000,0.0000,0.0000,0.0000,0.0000,0.0000,0.0001,0.0005,0.0005,0.0000,0.0000,0.0000,0.0000,0.0000,0.0000,0.0000,0.0000,0.0000,0.0000,0.0006,0.0003,0.0000,0.0000,0.0000,0.0000,0.0000,0.0000,0.0000,0.0000,0.0000,0.0000,0.0000,0.0000,0.0006,0.0000,0.0000,0.0000,0.0000,0.0000,0.0000,0.0000,0.0000,0.0000,0.0000,0.0000,0.0000,0.0000,0.0000
../../../data/olympus/pic.0026.jpg,0.0108,0.0001,0.0001,0.0004,0.0001,0.0030,0.0007,0.0002,0.0004,0.0055,0.0000,0.0001,0.0002,0.0013,0.0720,0.0003,0.0003,0.0003,0.0029,0.0657,0.2371,0.0001,0.0001,0.0007,0.0027,0.0565,0.0663,0.0033,0.0026,0.0003,0.0013,0.0038,0.0372,0.0122,0.0012,0.0003,0.0002,0.0008,0.0010,0.0032,0.0041,0.0017,0.0003,0.0000,0.0000,0.0003,0.0009,0.0015,0.0015,0.0010,0.0004,0.0000,0.0000,0.0000,0.0000,0.0014,0.0007,0.0028,0.0009,0.0003,0.0000,0.0000,0.0000,0.0000,0.0000,0.0000,0.0026,0.0009,0.0021,0.0002,0.0000,0.0000,0.0000,0.0000,0.0000,0.0000,0.0000,0.0000,0.0022,0.0009,0.0003,0.0000,0.0000,0.0000,0.0000,0.0000,0.0000,0.0000,0.0000,0.0000,0.0000,0.0012,0.0003,0.0000,0.0000,0.0000,0.0000,0.0000,0.0000,0.0000,0.0000,0.0000,0.0000,0.0000,0.0000,0.0011,0.0000,0.0000,0.0000,0.0000,0.0000,0.0000,0.0000,0.0000,0.0000,0.0000,0.0000,0.0000,0.0000,0.0000
../../../data/olympus/pic.0027.jpg,0.0003,0.0000,0.0000,0.0001,0.0000,0.0002,0.0004,0.0001,0.0018,0.0056,0.0003,0.0001,0.0003,0.0020,0.2100,0.0005,0.0003,0.0007,0.0112,0.0428,0.3624,0.0002,0.0002,0.0004,0.0019,0.0236,0.1667,0.0064,0.0007,0.0001,0.0004,0.0044,0.0053,0.0041,0.0012,0.0001,0.0001,0.0001,0.0016,0.0037,0.0009,0.0004,0.0001,0.0000,0.0000,0.0001,0.0002,0.0044,0.0014,0.0002,0.0001,0.0000,0.0000,0.0000,0.0000,0.0002,0.0009,0.0036,0.0005,0.0000,0.0000,0.0000,0.0000,0.0000,0.0000,0.0000,0.0005,0.0016,0.0005,0.0001,0.0000,0.0000,0.0000,0.0000,0.0000,0.0000,0.0000,0.0000,0.0016,0.0024,0.0001,0.0000,0.0000,0.0000,0.0000,0.0000,0.0000,0.0000,0.0000,0.0000,0.0000,0.0017,0.0001,0.0000,0.0000,0.0000,0.0000,0.0000,0.0000,0.0000,0.0000,0.0000,0.0000,0.0000,0.0000,0.0005,0.0000,0.0000,0.0000,0.0000,0.0000,0.0000,0.0000,0.0000,0.0000,0.0000,0.0000,0.0000,0.0000,0.0000
../../../data/olympus/pic.0028.jpg,0.0002,0.0000,0.0000,0.0001,0.0000,0.0000,0.0000,0.0000,0.0001,0.0003,0.0000,0.0000,0.0001,0.0006,0.1512,0.0001,0.0000,0.0001,0.0011,0.0543,0.1394,0.0001,0.0001,0.0010,0.0011,0.0332,0.0552,0.0002,0.0003,0.0002,0.0004,0.0037,0.0278,0.0045,0.0001,0.0000,0.0001,0.0001,0.0003,0.0089,0.1244,0.0060,0.0000,0.0000,0.0000,0.0000,0.0001,0.0014,0.0124,0.2029,0.0022,0.0000,0.0000,0.0000,0.0000,0.0001,0.0002,0.0034,0.0113,0.0319,0.0000,0.0000,0.0000,0.0000,0.0000,0.0000,0.0002,0.0007,0.0017,0.0027,0.0000,0.0000,0.0000,0.0000,0.0000,0.0000,0.0000,0.0000,0.0002,0.0003,0.0010,0.0000,0.0000,0.0000,0.0000,0.0000,0.0000,0.0000,0.0000,0.0000,0.0000,0.0002,0.0002,0.0000,0.0000,0.0000,0.0000,0.0000,0.0000,0.0000,0.0000,0.0000,0.0000,0.0000,0.0000,0.0004,0.0000,0.0000,0.0000,0.0000,0.0000,0.0000,0.0000,0.0000,0.0000,0.0000,0.0000,0.0000,0.0000,0.0000
../../../data/olympus/pic.0029.jpg,0.0008,0.0001,0.0000,0.0002,0.0001,0.0003,0.0001,0.0001,0.0006,0.0021,0.0001,0.0001,0.0001,0.0059,0.1899,0.0001,0.0001,0.0001,0.0072,0.0517,0.1756,0.0001,0.0001,0.0003,0.0031,0.0276,0.0007,0.0000,0.0001,0.0001,0.0005,0.3735,0.0099,0.0000,0.0000,0.0000,0.0001,0.0001,0.0012,0.0267,0.0001,0.0000,0.0000,0.0000,0.0000,0.0001,0.0002,0.0018,0.0002,0.0000,0.0000,0.0000,0.0000,0.0000,0.0000,0.0001,0.0010,0.0014,0.0001,0.0000,0.0000,0.0000,0.0000,0.0000,0.0000,0.0000,0.0002,0.0023,0.0001,0.0000,0.0000,0.0000,0.0000,0.0000,0.0000,0.0000,0.0000,0.0000,0.0012,0.0016,0.0000,0.0000,0.0000,0.0000,0.0000,0.0000,0.0000,0.0000,0.0000,0.0000,0.0000,0.0007,0.0000,0.0000,0.0000,0.0000,0.0000,0.0000,0.0000,0.0000,0.0000,0.0000,0.0000,0.0000,0.0000,0.0002,0.0000,0.0000,0.0000,0.0000,0.0000,0.0000,0.0000,0.0000,0.0000,0.0000,0.0000,0.0000,0.0000,0.0000
../../../data/olympus/pic.0030.jpg,0.0000,0.0000,0.0000,0.0000,0.0000,0.0000,0.0000,0.0000,0.0000,0.0000,0.0000,0.0000,0.0000,0.0001,0.3138,0.0000,0.0000,0.0000,0.0002,0.0756,0.2819,0.0000,0.0000,0.0000,0.0004,0.0020,0.0002,0.0000,0.0000,0.0000,0.0000,0.0016,0.0002,0.0000,0.0000,0.0000,0.0000,0.0000,0.0007,0.0012,0.0000,0.0000,0.0000,0.0000,0.0000,0.0000,0.0000,0.0020,0.0001,0.0000,0.0000,0.0000,0.0000,0.0000,0.0000,0.0000,0.0019,0.0034,0.0000,0.0000,0.0000,0.0000,0.0000,0.0000,0.0000,0.0000,0.0000,0.0082,0.0000,0.0000,0.0000,0.0000,0.0000,0.0000,0.0000,0.0000,0.0000,0.0000,0.0010,0.0043,0.0000,0.0000,0.0000,0.0000,0.0000,0.0000,0.0000,0.0000,0.0000,0.0000,0.0000,0.0007,0.0000,0.0000,0.0000,0.0000,0.0000,0.0000,0.0000,0.0000,0.0000,0.0000,0.0000,0.0000,0.0000,0.0000,0.0000,0.0000,0.0000,0.0000,0.0000,0.0000,0.0000,0.0000,0.0000,0.0000,0.0000,0.0000,0.0000,0.0000
../../../data/olympus/pic.0031.jpg,0.0000,0.0000,0.0000,0.0000,0.0000,0.0000,0.0000,0.0000,0.0000,0.0000,0.0000,0.0000,0.0000,0.0000,0.0650,0.0000,0.0000,0.0000,0.0000,0.1115,0.4336,0.0000,0.0000,0.0000,0.0005,0.1399,0.0040,0.0000,0.0000,0.0000,0.0000,0.0085,0.0552,0.0000,0.0000,0.0000,0.0000,0.0000,0.0000,0.0063,0.0008,0.0000,0.0000,0.0000,0.0000,0.0000,0.0000,0.0001,0.0003,0.0000,0.0000,0.0000,0.0000,0.0000,0.0000,0.0000,0.0000,0.0000,0.0000,0.0000,0.0000,0.0000,0.0000,0.0000,0.0000,0.0000,0.0000,0.0000,0.0000,0.0000,0.0000,0.0000,0.0000,0.0000,0.0000,0.0000,0.0000,0.0000,0.0000,0.0000,0.0000,0.0000,0.0000,0.0000,0.0000,0.0000,0.0000,0.0000,0.0000,0.0000,0.0000,0.0000,0.0000,0.0000,0.0000,0.0000,0.0000,0.0000,0.0000,0.0000,0.0000,0.0000,0.0000,0.0000,0.0000,0.0000,0.0000,0.0000,0.0000,0.0000,0.0000,0.0000,0.0000,0.0000,0.0000,0.0000,0.0000,0.0000,0.0000,0.0000
../../../data/olympus/pic.0032.jpg,0.0000,0.0000,0.0000,0.0000,0.0000,0.0000,0.0000,0.0000,0.0000,0.0000,0.0000,0.0000,0.0000,0.0000,0.0292,0.0000,0.0000,0.0000,0.0000,0.0649,0.0251,0.0000,0.0000,0.0000,0.0000,0.7546,0.0026,0.0000,0.0000,0.0000,0.0000,0.0000,0.1031,0.0001,0.0000,0.0000,0.0000,0.0000,0.0000,0.0000,0.0000,0.0000,0.0000,0.0000,0.0000,0.0000,0.0000,0.0000,0.0000,0.0000,0.0000,0.0000,0.0000,0.0000,0.0000,0.0000,0.0000,0.0000,0.0000,0.0000,0.0000,0.0000,0.0000,0.0000,0.0000,0.0000,0.0000,0.0000,0.0000,0.0000,0.0000,0.0000,0.0000,0.0000,0.0000,0.0000,0.0000,0.0000,0.0000,0.0000,0.0000,0.0000,0.0000,0.0000,0.0000,0.0000,0.0000,0.0000,0.0000,0.0000,0.0000,0.0000,0.0000,0.0000,0.0000,0.0000,0.0000,0.0000,0.0000,0.0000,0.0000,0.0000,0.0000,0.0000,0.0000,0.0000,0.0000,0.0000,0.0000,0.0000,0.0000,0.0000,0.0000,0.0000,0.0000,0.0000,0.0000,0.0000,0.0000,0.0000
../../../data/olympus/pic.0033.jpg,0.0003,0.0001,0.0000,0.0001,0.0000,0.0026,0.0001,0.0001,0.0006,0.0005,0.0000,0.0000,0.0001,0.0003,0.4109,0.0000,0.0000,0.0000,0.0002,0.0801,0.3549,0.0000,0.0000,0.0000,0.0001,0.0018,0.0053,0.0015,0.0003,0.0000,0.0000,0.0002,0.0002,0.0004,0.0005,0.0002,0.0000,0.0000,0.0000,0.0001,0.0001,0.0002,0.0002,0.0000,0.0000,0.0000,0.0000,0.0000,0.0001,0.0001,0.0001,0.0000,0.0000,0.0000,0.0000,0.0000,0.0000,0.0001,0.0001,0.0000,0.0000,0.0000,0.0000,0.0000,0.0000,0.0000,0.0001,0.0000,0.0000,0.0000,0.0000,0.0000,0.0000,0.0000,0.0000,0.0000,0.0000,0.0000,0.0001,0.0000,0.0000,0.0000,0.0000,0.0000,0.0000,0.0000,0.0000,0.0000,0.0000,0.0000,0.0000,0.0001,0.0000,0.0000,0.0000,0.0000,0.0000,0.0000,0.0000,0.0000,0.0000,0.0000,0.0000,0.0000,0.0000,0.0000,0.0000,0.0000,0.0000,0.0000,0.0000,0.0000,0.0000,0.0000,0.0000,0.0000,0.0000,0.0000,0.0000,0.0000
../../../data/olympus/pic.0034.jpg,0.0001,0.0000,0.0000,0.0000,0.0000,0.0000,0.0000,0.0000,0.0000,0.0000,0.0000,0.0000,0.0000,0.0001,0.1862,0.0000,0.0000,0.0000,0.0002,0.0518,0.5409,0.0000,0.0000,0.0000,0.0000,0.0017,0.0212,0.0000,0.0001,0.0000,0.0000,0.0000,0.0000,0.0001,0.0000,0.0000,0.0000,0.0000,0.0000,0.0000,0.0000,0.0000,0.0000,0.0000,0.0000,0.0000,0.0000,0.0000,0.0000,0.0000,0.0000,0.0000,0.0000,0.0000,0.0000,0.0000,0.0000,0.0000,0.0000,0.0000,0.0000,0.0000,0.0000,0.0000,0.0000,0.0000,0.0000,0.0000,0.0000,0.0000,0.0000,0.0000,0.0000,0.0000,0.0000,0.0000,0.0000,0.0000,0.0000,0.0000,0.0000,0.0000,0.0000,0.0000,0.0000,0.0000,0.0000,0.0000,0.0000,0.0000,0.0000,0.0000,0.0000,0.0000,0.0000,0.0000,0.0000,0.0000,0.0000,0.0000,0.0000,0.0000,0.0000,0.0000,0.0000,0.0000,0.0000,0.0000,0.0000,0.0000,0.0000,0.0000,0.0000,0.0000,0.0000,0.0000,0.0000,0.0000,0.0000,0.0000
../../../data/olympus/pic.0035.jpg,0.0001,0.0000,0.0000,0.0000,0.0000,0.0000,0.0000,0.0000,0.0000,0.0000,0.0000,0.0000,0.0000,0.0000,0.1156,0.0000,0.0000,0.0002,0.0020,0.0374,0.5487,0.0000,0.0001,0.0018,0.0047,0.0069,0.0356,0.0000,0.0002,0.0004,0.0085,0.0058,0.0005,0.0000,0.0000,0.0000,0.0002,0.0005,0.0010,0.0022,0.0000,0.0000,0.0000,0.0000,0.0000,0.0003,0.0001,0.0008,0.0002,0.0000,0.0000,0.0000,0.0000,0.0000,0.0000,0.0003,0.0000,0.0000,0.0000,0.0000,0.0000,0.0000,0.0000,0.0000,0.0000,0.0000,0.0001,0.0000,0.0000,0.0000,0.0000,0.0000,0.0000,0.0000,0.0000,0.0000,0.0000,0.0000,0.0001,0.0000,0.0000,0.0000,0.0000,0.0000,0.0000,0.0000,0.0000,0.0000,0.0000,0.0000,0.0000,0.0001,0.0000,0.0000,0.0000,0.0000,0.0000,0.0000,0.0000,0.0000,0.0000,0.0000,0.0000,0.0000,0.0000,0.0000,0.0000,0.0000,0.0000,0.0000,0.0000,0.0000,0.0000,0.0000,0.0000,0.0000,0.0000,0.0000,0.0000,0.0000
../../../data/olympus/pic.0036.jpg,0.0000,0.0000,0.0000,0.0000,0.0000,0.0000,0.0000,0.0000,0.0000,0.0000,0.0000,0.0000,0.0000,0.0000,0.0244,0.0000,0.0000,0.0000,0.0033,0.0269,0.0267,0.0000,0.0000,0.0024,0.0060,0.0072,0.0017,0.0000,0.0000,0.0000,0.0044,0.0069,0.0291,0.0017,0.0000,0.0000,0.0000,0.0000,0.0028,0.0145,0.2002,0.0043,0.0000,0.0000,0.0000,0.0000,0.0000,0.0035,0.0797,0.3505,0.0010,0.0000,0.0000,0.0000,0.0000,0.0000,0.0000,0.0015,0.0759,0.0556,0.0000,0.0000,0.0000,0.0000,0.0000,0.0000,0.0000,0.0000,0.0012,0.0166,0.0000,0.0000,0.0000,0.0000,0.0000,0.0000,0.0000,0.0000,0.0000,0.0001,0.0012,0.0000,0.0000,0.0000,0.0000,0.0000,0.0000,0.0000,0.0000,0.0000,0.0000,0.0001,0.0001,0.0000,0.0000,0.0000,0.0000,0.0000,0.0000,0.0000,0.0000,0.0000,0.0000,0.0000,0.0000,0.0001,0.0000,0.0000,0.0000,0.0000,0.0000,0.0000,0.0000,0.0000,0.0000,0.0000,0.0000,0.0000,0.0000,0.0000
../../../data/olympus/pic.0037.jpg,0.0000,0.0000,0.0000,0.0000,0.0000,0.0001,0.0000,0.0000,0.0001,0.0027,0.0000,0.0000,0.0000,0.0021,0.3486,0.0000,0.0001,0.0006,0.0504,0.0877,0.3303,0.0000,0.0002,0.0011,0.0106,0.0155,0.0622,0.0010,0.0001,0.0000,0.0005,0.0051,0.0063,0.0007,0.0013,0.0000,0.0000,0.0000,0.0005,0.0026,0.0004,0.0000,0.0000,0.0000,0.0000,0.0000,0.0000,0.0012,0.0006,0.0001,0.0000,0.0000,0.0000,0.0000,0.0000,0.0000,0.0001,0.0014,0.0000,0.0000,0.0000,0.0000,0.0000,0.0000,0.0000,0.0000,0.0000,0.0000,0.0001,0.0000,0.0000,0.0000,0.0000,0.0000,0.0000,0.0000,0.0000,0.0000,0.0000,0.0000,0.0000,0.0000,0.0000,0.0000,0.0000,0.0000,0.0000,0.0000,0.0000,0.0000,0.0000,0.0000,0.0000,0.0000,0.0000,0.0000,0.0000,0.0000,0.0000,0.0000,0.0000,0.0000,0.0000,0.0000,0.0000,0.0000,0.0000,0.0000,0.0000,0.0000,0.0000,0.0000,0.0000,0.0000,0.0000,0.0000,0.0000,0.0000,0.0000,0.0000
../../../data/olympus/pic.0038.jpg,0.0002,0.0000,0.0000,0.0000,0.0000,0.0000,0.0000,0.0000,0.0001,0.0003,0.0000,0.0000,0.0000,0.0001,0.0431,0.0000,0.0000,0.0000,0.0005,0.0896,0.5021,0.0000,0.0000,0.0000,0.0077,0.0335,0.1510,0.0001,0.0000,0.0000,0.0005,0.0021,0.0020,0.0006,0.0000,0.0000,0.0000,0.0001,0.0004,0.0013,0.0003,0.0004,0.0000,0.0000,0.0000,0.0000,0.0001,0.0013,0.0005,0.0000,0.0000,0.0000,0.0000,0.0000,0.0000,0.0000,0.0007,0.0018,0.0000,0.0000,0.0000,0.0000,0.0000,0.0000,0.0000,0.0000,0.0000,0.0005,0.0001,0.0000,0.0000,0.0000,0.0000,0.0000,0.0000,0.0000,0.0000,0.0000,0.0000,0.0001,0.0000,0.0000,0.0000,0.0000,0.0000,0.0000,0.0000,0.0000,0.0000,0.0000,0.0000,0.0000,0.0000,0.0000,0.0000,0.0000,0.0000,0.0000,0.0000,0.0000,0.0000,0.0000,0.0000,0.0000,0.0000,0.0001,0.0000,0.0000,0.0000,0.0000,0.0000,0.0000,0.0000,0.0000,0.0000,0.0000,0.0000,0.0000,0.0000,0.0000
../../../data/olympus/pic.0039.jpg,0.0004,0.0000,0.0000,0.0000,0.0000,0.0000,0.0001,0.0000,0.0000,0.0001,0.0000,0.0000,0.0000,0.0001,0.0103,0.0000,0.0000,0.0000,0.0004,0.0095,0.0635,0.0000,0.0000,0.0001,0.0003,0.0118,0.5017,0.0002,0.0006,0.0000,0.0000,0.0004,0.0174,0.3303,0.0002,0.0000,0.0000,0.0000,0.0000,0.0002,0.0077,0.0149,0.0001,0.0000,0.0000,0.0000,0.0000,0.0000,0.0001,0.0011,0.0006,0.0000,0.0000,0.0000,0.0000,0.0000,0.0000,0.0001,0.0003,0.0003,0.0000,0.0000,0.0000,0.0000,0.0000,0.0000,0.0003,0.0000,0.0001,0.0001,0.0000,0.0000,0.0000,0.0000,0.0000,0.0000,0.0000,0.0000,0.0005,0.0001,0.0000,0.0000,0.0000,0.0000,0.0000,0.0000,0.0000,0.0000,0.0000,0.0000,0.0000,0.0005,0.0000,0.0000,0.0000,0.0000,0.0000,0.0000,0.0000,0.0000,0.0000,0.0000,0.0000,0.0000,0.0000,0.0001,0.0000,0.0000,0.0000,0.0000,0.0000,0.0000,0.0000,0.0000,0.0000,0.0000,0.0000,0.0000,0.0000,0.0000
../../../data/olympus/pic.0040.jpg,0.0001,0.0000,0.0000,0.0000,0.0000,0.0000,0.0000,0.0000,0.0000,0.0000,0.0000,0.0000,0.0000,0.0001,0.0765,0.0000,0.0000,0.0000,0.0012,0.0354,0.5638,0.0000,0.0000,0.0000,0.0008,0.0526,0.0247,0.0000,0.0001,0.0000,0.0000,0.0025,0.1388,0.0010,0.0000,0.0000,0.0000,0.0000,0.0001,0.0025,0.0648,0.0001,0.0000,0.0000,0.0000,0.0000,0.0000,0.0002,0.0009,0.0007,0.0000,0.0000,0.0000,0.0000,0.0000,0.0000,0.0000,0.0002,0.0002,0.0001,0.0000,0.0000,0.0000,0.0000,0.0000,0.0000,0.0001,0.0000,0.0001,0.0001,0.0000,0.0000,0.0000,0.0000,0.0000,0.0000,0.0000,0.0000,0.0002,0.0001,0.0001,0.0000,0.0000,0.0000,0.0000,0.0000,0.0000,0.0000,0.0000,0.0000,0.0000,0.0003,0.0000,0.0000,0.0000,0.0000,0.0000,0.0000,0.0000,0.0000,0.0000,0.0000,0.0000,0.0000,0.0000,0.0001,0.0000,0.0000,0.0000,0.0000,0.0000,0.0000,0.0000,0.0000,0.0000,0.0000,0.0000,0.0000,0.0000,0.0000
../../../data/olympus/pic.0041.jpg,0.0000,0.0000,0.0000,0.0000,0.0000,0.0000,0.0000,0.0000,0.0000,0.0001,0.0000,0.0000,0.0000,0.0003,0.2490,0.0000,0.0000,0.0000,0.0025,0.2736,0.3310,0.0000,0.0000,0.0000,0.0008,0.0644,0.0206,0.0000,0.0000,0.0000,0.0000,0.0009,0.0040,0.0001,0.0000,0.0000,0.0000,0.0000,0.0000,0.0019,0.0011,0.0000,0.0000,0.0000,0.0000,0.0000,0.0000,0.0001,0.0009,0.0000,0.0000,0.0000,0.0000,0.0000,0.0000,0.0000,0.0000,0.0000,0.0000,0.0000,0.0000,0.0000,0.0000,0.0000,0.0000,0.0000,0.0000,0.0000,0.0000,0.0000,0.0000,0.0000,0.0000,0.0000,0.0000,0.0000,0.0000,0.0000,0.0000,0.0000,0.0000,0.0000,0.0000,0.0000,0.0000,0.0000,0.0000,0.0000,0.0000,0.0000,0.0000,0.0000,0.0000,0.0000,0.0000,0.0000,0.0000,0.0000,0.0000,0.0000,0.0000,0.0000,0.0000,0.0000,0.0000,0.0000,0.0000,0.0000,0.0000,0.0000,0.0000,0.0000,0.0000,0.0000,0.0000,0.0000,0.0000,0.0000,0.0000,0.0000
../../../data/olympus/pic.0042.jpg,0.0021,0.0000,0.0000,0.0001,0.0000,0.0001,0.0002,0.0001,0.0002,0.0005,0.0000,0.0000,0.0000,0.0006,0.0319,0.0001,0.0000,0.0001,0.0005,0.0069,0.8748,0.0000,0.0000,0.0001,0.0003,0.0007,0.0048,0.0004,0.0013,0.0000,0.0000,0.0003,0.0001,0.0014,0.0003,0.0000,0.0000,0.0000,0.0000,0.0000,0.0001,0.0002,0.0000,0.0000,0.0000,0.0000,0.0000,0.0000,0.0001,0.0001,0.0000,0.0000,0.0000,0.0000,0.0000,0.0000,0.0000,0.0001,0.0001,0.0000,0.0000,0.0000,0.0000,0.0000,0.0000,0.0000,0.0004,0.0000,0.0000,0.0000,0.0000,0.0000,0.0000,0.0000,0.0000,0.0000,0.0000,0.0000,0.0004,0.0000,0.0000,0.0000,0.0000,0.0000,0.0000,0.0000,0.0000,0.0000,0.0000,0.0000,0.0000,0.0001,0.0000,0.0000,0.0000,0.0000,0.0000,0.0000,0.0000,0.0000,0.0000,0.0000,0.0000,0.0000,0.0000,0.0000,0.0000,0.0000,0.0000,0.0000,0.0000,0.0000,0.0000,0.0000,0.0000,0.0000,0.0000,0.0000,0.0000,0.0000
../../../data/olympus/pic.0043.jpg,0.0004,0.0000,0.0000,0.0000,0.0000,0.0000,0.0001,0.0000,0.0000,0.0002,0.0000,0.0000,0.0000,0.0003,0.0648,0.0000,0.0000,0.0000,0.0005,0.0238,0.3819,0.0000,0.0000,0.0001,0.0004,0.0206,0.1405,0.0004,0.0003,0.0000,0.0000,0.0018,0.0068,0.0076,0.0094,0.0000,0.0000,0.0000,0.0003,0.0016,0.0007,0.0003,0.0003,0.0000,0.0000,0.0000,0.0000,0.0021,0.0008,0.0003,0.0001,0.0000,0.0000,0.0000,0.0000,0.0000,0.0001,0.0011,0.0004,0.0001,0.0000,0.0000,0.0000,0.0000,0.0000,0.0000,0.0001,0.0002,0.0005,0.0001,0.0000,0.0000,0.0000,0.0000,0.0000,0.0000,0.0000,0.0000,0.0003,0.0003,0.0002,0.0000,0.0000,0.0000,0.0000,0.0000,0.0000,0.0000,0.0000,0.0000,0.0000,0.0008,0.0002,0.0000,0.0000,0.0000,0.0000,0.0000,0.0000,0.0000,0.0000,0.0000,0.0000,0.0000,0.0000,0.0013,0.0000,0.0000,0.0000,0.0000,0.0000,0.0000,0.0000,0.0000,0.0000,0.0000,0.0000,0.0000,0.0000,0.0000
../../../data/olympus/pic.0044.jpg,0.0019,0.0001,0.0000,0.0002,0.0000,0.0001,0.0002,0.0000,0.0002,0.0005,0.0000,0.0000,0.0001,0.0005,0.0541,0.0001,0.0001,0.0001,0.0014,0.0395,0.3557,0.0001,0.0001,0.0002,0.0012,0.0414,0.0560,0.0007,0.0012,0.0000,0.0002,0.0022,0.0423,0.0109,0.0014,0.0001,0.0001,0.0001,0.0002,0.0014,0.0065,0.0016,0.0000,0.0000,0.0000,0.0000,0.0000,0.0002,0.0006,0.0012,0.0002,0.0000,0.0000,0.0000,0.0000,0.0001,0.0001,0.0005,0.0009,0.0002,0.0000,0.0000,0.0000,0.0000,0.0000,0.0000,0.0008,0.0002,0.0002,0.0001,0.0000,0.0000,0.0000,0.0000,0.0000,0.0000,0.0000,0.0000,0.0014,0.0002,0.0001,0.0000,0.0000,0.0000,0.0000,0.0000,0.0000,0.0000,0.0000,0.0000,0.0000,0.0010,0.0000,0.0000,0.0000,0.0000,0.0000,0.0000,0.0000,0.0000,0.0000,0.0000,0.0000,0.0000,0.0000,0.0004,0.0000,0.0000,0.0000,0.0000,0.0000,0.0000,0.0000,0.0000,0.0000,0.0000,0.0000,0.0000,0.0000,0.0000
../../../data/olympus/pic.0045.jpg,0.0011,0.0000,0.0001,0.0000,0.0001,0.0002,0.0001,0.0000,0.0001,0.0012,0.0000,0.0000,0.0001,0.0020,0.1622,0.0000,0.0000,0.0001,0.0013,0.0582,0.0922,0.0000,0.0000,0.0003,0.0038,0.0976,0.0031,0.0000,0.0000,0.0000,0.0004,0.0073,0.2874,0.0013,0.0000,0.0000,0.0000,0.0000,0.0022,0.0044,0.0064,0.0000,0.0000,0.0000,0.0000,0.0000,0.0004,0.0169,0.0048,0.0001,0.0000,0.0000,0.0000,0.0000,0.0000,0.0000,0.0051,0.0083,0.0003,0.0000,0.0000,0.0000,0.0000,0.0000,0.0000,0.0000,0.0000,0.0006,0.0001,0.0000,0.0000,0.0000,0.0000,0.0000,0.0000,0.0000,0.0000,0.0000,0.0001,0.0000,0.0000,0.0000,0.0000,0.0000,0.0000,0.0000,0.0000,0.0000,0.0000,0.0000,0.0000,0.0000,0.0000,0.0000,0.0000,0.0000,0.0000,0.0000,0.0000,0.0000,0.0000,0.0000,0.0000,0.0000,0.0000,0.0000,0.0000,0.0000,0.0000,0.0000,0.0000,0.0000,0.0000,0.0000,0.0000,0.0000,0.0000,0.0000,0.0000,0.0000
../../../data/olympus/pic.0046.jpg,0.0000,0.0000,0.0000,0.0000,0.0000,0.0000,0.0000,0.0000,0.0000,0.0000,0.0000,0.0000,0.0000,0.0000,0.0828,0.0000,0.0000,0.0000,0.0000,0.0136,0.3337,0.0000,0.0000,0.0000,0.0000,0.0000,0.0000,0.0000,0.0000,0.0000,0.0000,0.0000,0.0000,0.0000,0.0000,0.0000,0.0000,0.0000,0.0000,0.0000,0.0000,0.0000,0.0000,0.0000,0.0000,0.0000,0.0000,0.0000,0.0000,0.0000,0.0000,0.0000,0.0000,0.0000,0.0000,0.0000,0.0000,0.0000,0.0000,0.0000,0.0000,0.0000,0.0000,0.0000,0.0000,0.0000,0.0000,0.0000,0.0000,0.0000,0.0000,0.0000,0.0000,0.0000,0.0000,0.0000,0.0000,0.0000,0.0000,0.0000,0.0000,0.0000,0.0000,0.0000,0.0000,0.0000,0.0000,0.0000,0.0000,0.0000,0.0000,0.0000,0.0000,0.0000,0.0000,0.0000,0.0000,0.0000,0.0000,0.0000,0.0000,0.0000,0.0000,0.0000,0.0000,0.0000,0.0000,0.0000,0.0000,0.0000,0.0000,0.0000,0.0000,0.0000,0.0000,0.0000,0.0000,0.0000,0.0000,0.0000
../../../data/olympus/pic.0047.jpg,0.0000,0.0000,0.0000,0.0000,0.0000,0.0000,0.0000,0.0000,0.0000,0.0001,0.0000,0.0000,0.0000,0.0002,0.2017,0.0000,0.0000,0.0000,0.0005,0.1420,0.4970,0.0000,0.0000,0.0000,0.0005,0.0288,0.0346,0.0001,0.0000,0.0000,0.0000,0.0015,0.0128,0.0162,0.0001,0.0000,0.0000,0.0000,0.0001,0.0012,0.0036,0.0013,0.0001,0.0000,0.0000,0.0000,0.0000,0.0003,0.0007,0.0005,0.0002,0.0000,0.0000,0.0000,0.0000,0.0000,0.0000,0.0001,0.0003,0.0003,0.0000,0.0000,0.0000,0.0000,0.0000,0.0000,0.0000,0.0000,0.0001,0.0001,0.0000,0.0000,0.0000,0.0000,0.0000,0.0000,0.0000,0.0000,0.0001,0.0001,0.0000,0.0000,0.0000,0.0000,0.0000,0.0000,0.0000,0.0000,0.0000,0.0000,0.0000,0.0001,0.0000,0.0000,0.0000,0.0000,0.0000,0.0000,0.0000,0.0000,0.0000,0.0000,0.0000,0.0000,0.0000,0.0001,0.0000,0.0000,0.0000,0.0000,0.0000,0.0000,0.0000,0.0000,0.0000,0.0000,0.0000,0.0000,0.0000,0.0000
../../../data/olympus/pic.0048.jpg,0.0000,0.0000,0.0000,0.0000,0.0000,0.0000,0.0000,0.0000,0.0000,0.0000,0.0000,0.0000,0.0000,0.0000,0.0000,0.0000,0.0000,0.0000,0.0000,0.0004,0.0338,0.0000,0.0000,0.0000,0.0000,0.0012,0.0542,0.0381,0.0000,0.0000,0.0000,0.0002,0.0019,0.0169,0.0213,0.0002,0.0000,0.0000,0.0001,0.0013,0.0036,0.0413,0.7252,0.0000,0.0000,0.0000,0.0000,0.0004,0.0033,0.0039,0.0168,0.0000,0.0000,0.0000,0.0000,0.0000,0.0001,0.0014,0.0040,0.0035,0.0000,0.0000,0.0000,0.0000,0.0000,0.0000,0.0001,0.0002,0.0031,0.0033,0.0000,0.0000,0.0000,0.0000,0.0000,0.0000,0.0000,0.0000,0.0001,0.0015,0.0040,0.0000,0.0000,0.0000,0.0000,0.0000,0.0000,0.0000,0.0000,0.0000,0.0000,0.0004,0.0013,0.0000,0.0000,0.0000,0.0000,0.0000,0.0000,0.0000,0.0000,0.0000,0.0000,0.0000,0.0000,0.0022,0.0000,0.0000,0.0000,0.0000,0.0000,0.0000,0.0000,0.0000,0.0000,0.0000,0.0000,0.0000,0.0000,0.0000
../../../data/olympus/pic.0049.jpg,0.0000,0.0000,0.0000,0.0000,0.0000,0.0000,0.0000,0.0000,0.0000,0.0000,0.0000,0.0000,0.0000,0.0000,0.1473,0.0000,0.0000,0.0000,0.0001,0.1290,0.3831,0.0000,0.0000,0.0000,0.0003,0.0464,0.0251,0.0001,0.0000,0.0000,0.0000,0.0029,0.0088,0.0051,0.0000,0.0000,0.0000,0.0000,0.0002,0.0054,0.0022,0.0007,0.0000,0.0000,0.0000,0.0000,0.0000,0.0042,0.0026,0.0005,0.0001,0.0000,0.0000,0.0000,0.0000,0.0000,0.0002,0.0034,0.0003,0.0001,0.0000,0.0000,0.0000,0.0000,0.0000,0.0000,0.0000,0.0008,0.0005,0.0000,0.0000,0.0000,0.0000,0.0000,0.0000,0.0000,0.0000,0.0000,0.0003,0.0012,0.0001,0.0000,0.0000,0.0000,0.0000,0.0000,0.0000,0.0000,0.0000,0.0000,0.0000,0.0005,0.0001,0.0000,0.0000,0.0000,0.0000,0.0000,0.0000,0.0000,0.0000,0.0000,0.0000,0.0000,0.0000,0.0002,0.0000,0.0000,0.0000,0.0000,0.0000,0.0000,0.0000,0.0000,0.0000,0.0000,0.0000,0.0000,0.0000,0.0000
../../../data/olympus/pic.0050.jpg,0.0000,0.0000,0.0000,0.0000,0.0000,0.0000,0.0000,0.0000,0.0000,0.0000,0.0000,0.0000,0.0000,0.0000,0.0087,0.0000,0.0000,0.0000,0.0000,0.0060,0.8750,0.0000,0.0000,0.0000,0.0000,0.0013,0.0475,0.0000,0.0001,0.0000,0.0000,0.0001,0.0084,0.0324,0.0000,0.0000,0.0000,0.0000,0.0000,0.0001,0.0005,0.0003,0.0000,0.0000,0.0000,0.0000,0.0000,0.0000,0.0000,0.0001,0.0000,0.0000,0.0000,0.0000,0.0000,0.0000,0.0000,0.0000,0.0001,0.0000,0.0000,0.0000,0.0000,0.0000,0.0000,0.0000,0.0001,0.0000,0.0000,0.0000,0.0000,0.0000,0.0000,0.0000,0.0000,0.0000,0.0000,0.0000,0.0000,0.0000,0.0000,0.0000,0.0000,0.0000,0.0000,0.0000,0.0000,0.0000,0.0000,0.0000,0.0000,0.0002,0.0000,0.0000,0.0000,0.0000,0.0000,0.0000,0.0000,0.0000,0.0000,0.0000,0.0000,0.0000,0.0000,0.0003,0.0000,0.0000,0.0000,0.0000,0.0000,0.0000,0.0000,0.0000,0.0000,0.0000,0.0000,0.0000,0.0000,0.0000
../../../data/olympus/pic.0051.jpg,0.0005,0.0000,0.0000,0.0000,0.0000,0.0000,0.0001,0.0000,0.0000,0.0002,0.0000,0.0000,0.0000,0.0002,0.0197,0.0001,0.0000,0.0001,0.0011,0.0256,0.4095,0.0001,0.0001,0.0001,0.0009,0.0189,0.2345,0.0020,0.0009,0.0000,0.0002,0.0015,0.0201,0.1004,0.0021,0.0003,0.0001,0.0001,0.0002,0.0011,0.0200,0.0204,0.0005,0.0000,0.0000,0.0000,0.0000,0.0002,0.0014,0.0281,0.0031,0.0000,0.0000,0.0000,0.0000,0.0001,0.0001,0.0011,0.0034,0.0022,0.0000,0.0000,0.0000,0.0000,0.0000,0.0000,0.0012,0.0005,0.0010,0.0006,0.0000,0.0000,0.0000,0.0000,0.0000,0.0000,0.0000,0.0000,0.0029,0.0007,0.0002,0.0000,0.0000,0.0000,0.0000,0.0000,0.0000,0.0000,0.0000,0.0000,0.0000,0.0020,0.0001,0.0000,0.0000,0.0000,0.0000,0.0000,0.0000,0.0000,0.0000,0.0000,0.0000,0.0000,0.0000,0.0003,0.0000,0.0000,0.0000,0.0000,0.0000,0.0000,0.0000,0.0000,0.0000,0.0000,0.0000,0.0000,0.0000,0.0000
../../../data/olympus/pic.0052.jpg,0.0000,0.0000,0.0000,0.0000,0.0000,0.0000,0.0000,0.0000,0.0000,0.0000,0.0000,0.0000,0.0000,0.0000,0.0010,0.0000,0.0000,0.0000,0.0000,0.0016,0.2410,0.0000,0.0000,0.0000,0.0000,0.0014,0.2154,0.0055,0.0001,0.0000,0.0000,0.0001,0.0003,0.0049,0.0015,0.0007,0.0000,0.0000,0.0000,0.0000,0.0001,0.0004,0.0003,0.0000,0.0000,0.0000,0.0000,0.0000,0.0000,0.0002,0.0001,0.0000,0.0000,0.0000,0.0000,0.0000,0.0000,0.0000,0.0001,0.0000,0.0000,0.0000,0.0000,0.0000,0.0000,0.0000,0.0001,0.0000,0.0000,0.0000,0.0000,0.0000,0.0000,0.0000,0.0000,0.0000,0.0000,0.0000,0.0001,0.0000,0.0000,0.0000,0.0000,0.0000,0.0000,0.0000,0.0000,0.0000,0.0000,0.0000,0.0000,0.0000,0.0000,0.0000,0.0000,0.0000,0.0000,0.0000,0.0000,0.0000,0.0000,0.0000,0.0000,0.0000,0.0000,0.0000,0.0000,0.0000,0.0000,0.0000,0.0000,0.0000,0.0000,0.0000,0.0000,0.0000,0.0000,0.0000,0.0000,0.0000
../../../data/olympus/pic.0053.jpg,0.0010,0.0000,0.0000,0.0001,0.0000,0.0001,0.0002,0.0000,0.0001,0.0009,0.0000,0.0000,0.0001,0.0006,0.0410,0.0001,0.0000,0.0002,0.0013,0.0324,0.2688,0.0001,0.0001,0.0002,0.0016,0.0297,0.2863,0.0007,0.0014,0.0001,0.0003,0.0039,0.0493,0.0341,0.0007,0.0001,0.0002,0.0001,0.0016,0.0043,0.0215,0.0041,0.0002,0.0000,0.0000,0.0001,0.0001,0.0017,0.0012,0.0029,0.0008,0.0000,0.0000,0.0000,0.0000,0.0002,0.0005,0.0011,0.0020,0.0011,0.0000,0.0000,0.0000,0.0000,0.0000,0.0000,0.0016,0.0004,0.0008,0.0009,0.0000,0.0000,0.0000,0.0000,0.0000,0.0000,0.0000,0.0000,0.0031,0.0010,0.0005,0.0000,0.0000,0.0000,0.0000,0.0000,0.0000,0.0000,0.0000,0.0000,0.0000,0.0047,0.0002,0.0000,0.0000,0.0000,0.0000,0.0000,0.0000,0.0000,0.0000,0.0000,0.0000,0.0000,0.0000,0.0018,0.0000,0.0000,0.0000,0.0000,0.0000,0.0000,0.0000,0.0000,0.0000,0.0000,0.0000,0.0000,0.0000,0.0000
../../../data/olympus/pic.0054.jpg,0.0008,0.0000,0.0000,0.0001,0.0000,0.0000,0.0002,0.0000,0.0001,0.0014,0.0000,0.0000,0.0000,0.0004,0.0450,0.0001,0.0001,0.0001,0.0007,0.0110,0.4226,0.0000,0.0000,0.0001,0.0006,0.0057,0.0415,0.0003,0.0013,0.0000,0.0000,0.0008,0.0028,0.0097,0.0003,0.0000,0.0000,0.0001,0.0000,0.0001,0.0006,0.0014,0.0000,0.0000,0.0000,0.0000,0.0000,0.0000,0.0006,0.0003,0.0001,0.0000,0.0000,0.0000,0.0000,0.0001,0.0000,0.0002,0.0003,0.0000,0.0000,0.0000,0.0000,0.0000,0.0000,0.0000,0.0009,0.0001,0.0001,0.0000,0.0000,0.0000,0.0000,0.0000,0.0000,0.0000,0.0000,0.0000,0.0008,0.0001,0.0000,0.0000,0.0000,0.0000,0.0000,0.0000,0.0000,0.0000,0.0000,0.0000,0.0000,0.0005,0.0000,0.0000,0.0000,0.0000,0.0000,0.0000,0.0000,0.0000,0.0000,0.0000,0.0000,0.0000,0.0000,0.0000,0.0000,0.0000,0.0000,0.0000,0.0000,0.0000,0.0000,0.0000,0.0000,0.0000,0.0000,0.0000,0.0000,0.0000
../../../data/olympus/pic.0055.jpg,0.0008,0.0000,0.0000,0.0001,0.0000,0.0001,0.0001,0.0000,0.0000,0.0021,0.0000,0.0000,0.0000,0.0005,0.0118,0.0001,0.0000,0.0000,0.0005,0.0116,0.7343,0.0000,0.0000,0.0001,0.0006,0.0130,0.1101,0.0004,0.0015,0.0000,0.0001,0.0013,0.0029,0.0056,0.0003,0.0001,0.0001,0.0001,0.0002,0.0009,0.0009,0.0012,0.0001,0.0000,0.0000,0.0000,0.0000,0.0005,0.0006,0.0009,0.0006,0.0000,0.0000,0.0000,0.0000,0.0001,0.0001,0.0014,0.0008,0.0006,0.0000,0.0000,0.0000,0.0000,0.0000,0.0000,0.0012,0.0007,0.0008,0.0002,0.0000,0.0000,0.0000,0.0000,0.0000,0.0000,0.0000,0.0000,0.0015,0.0007,0.0001,0.0000,0.0000,0.0000,0.0000,0.0000,0.0000,0.0000,0.0000,0.0000,0.0000,0.0010,0.0001,0.0000,0.0000,0.0000,0.0000,0.0000,0.0000,0.0000,0.0000,0.0000,0.0000,0.0000,0.0000,0.0003,0.0000,0.0000,0.0000,0.0000,0.0000,0.0000,0.0000,0.0000,0.0000,0.0000,0.0000,0.0000,0.0000,0.0000
../../../data/olympus/pic.0056.jpg,0.0000,0.0000,0.0000,0.0000,0.0000,0.0000,0.0000,0.0000,0.0000,0.0003,0.0000,0.0000,0.0000,0.0285,0.1388,0.0000,0.0000,0.0000,0.0004,0.0407,0.6399,0.0000,0.0000,0.0000,0.0003,0.0498,0.0014,0.0000,0.0000,0.0000,0.0000,0.0023,0.0270,0.0001,0.0000,0.0000,0.0000,0.0000,0.0000,0.0020,0.0006,0.0000,0.0000,0.0000,0.0000,0.0000,0.0000,0.0001,0.0002,0.0001,0.0000,0.0000,0.0000,0.0000,0.0000,0.0000,0.0000,0.0000,0.0001,0.0000,0.0000,0.0000,0.0000,0.0000,0.0000,0.0000,0.0000,0.0000,0.0001,0.0000,0.0000,0.0000,0.0000,0.0000,0.0000,0.0000,0.0000,0.0000,0.0001,0.0000,0.0000,0.0000,0.0000,0.0000,0.0000,0.0000,0.0000,0.0000,0.0000,0.0000,0.0000,0.0001,0.0000,0.0000,0.0000,0.0000,0.0000,0.0000,0.0000,0.0000,0.0000,0.0000,0.0000,0.0000,0.0000,0.0001,0.0000,0.0000,0.0000,0.0000,0.0000,0.0000,0.0000,0.0000,0.0000,0.0000,0.0000,0.0000,0.0000,0.0000
../../../data/olympus/pic.0057.jpg,0.0000,0.0000,0.0000,0.0000,0.0000,0.0000,0.0000,0.0000,0.0000,0.0000,0.0000,0.0000,0.0000,0.0000,0.0390,0.0000,0.0000,0.0000,0.0000,0.0214,0.7084,0.0000,0.0000,0.0000,0.0000,0.0367,0.0163,0.0000,0.0000,0.0000,0.0000,0.0001,0.0020,0.0007,0.0000,0.0000,0.0000,0.0000,0.0000,0.0001,0.0004,0.0001,0.0000,0.0000,0.0000,0.0000,0.0000,0.0000,0.0000,0.0002,0.0000,0.0000,0.0000,0.0000,0.0000,0.0000,0.0000,0.0000,0.0001,0.0001,0.0000,0.0000,0.0000,0.0000,0.0000,0.0000,0.0000,0.0000,0.0000,0.0000,0.0000,0.0000,0.0000,0.0000,0.0000,0.0000,0.0000,0.0000,0.0001,0.0001,0.0000,0.0000,0.0000,0.0000,0.0000,0.0000,0.0000,0.0000,0.0000,0.0000,0.0000,0.0002,0.0000,0.0000,0.0000,0.0000,0.0000,0.0000,0.0000,0.0000,0.0000,0.0000,0.0000,0.0000,0.0000,0.0000,0.0000,0.0000,0.0000,0.0000,0.0000,0.0000,0.0000,0.0000,0.0000,0.0000,0.0000,0.0000,0.0000,0.0000
